Protocol,Network Lifetime,Packets Delivered,Energy Efficiency,Total Energy Consumed
LEACH,0,9288,100.95537399932348,92.0000459280973
DirectedDiffusion,0,3363,829.5968126149585,4.052776423512938
GEAR,0,1657,379.346837934227,4.3670343008086405
PEGASIS,0,621,9.181690620418449,67.63360300208834
